{
	"credit": "Made with Blockbench",
	"texture_size": [64, 64],
	"textures": {
		"0": "blockbench/hat",
		"particle": "blockbench/hat"
	},
	"elements": [
		{
			"from": [15, -16, 1],
			"to": [16, -15, 15],
			"faces": {
				"north": {"uv": [7.5, 3.75, 7.75, 4], "texture": "#0"},
				"east": {"uv": [9.5, 3.5, 13, 3.75], "texture": "#0"},
				"south": {"uv": [7.75, 3.75, 8, 4], "texture": "#0"},
				"west": {"uv": [10.75, 6.75, 14.25, 7], "texture": "#0"},
				"up": {"uv": [11, 10.5, 10.75, 7], "texture": "#0"},
				"down": {"uv": [11, 10.5, 10.75, 14], "texture": "#0"}
			}
		},
		{
			"from": [0, -16, 1],
			"to": [1, -15, 15],
			"faces": {
				"north": {"uv": [7, 3.75, 7.25, 4], "texture": "#0"},
				"east": {"uv": [9.5, 3, 13, 3.25], "texture": "#0"},
				"south": {"uv": [7.25, 3.75, 7.5, 4], "texture": "#0"},
				"west": {"uv": [9.5, 3.25, 13, 3.5], "texture": "#0"},
				"up": {"uv": [10.5, 14, 10.25, 10.5], "texture": "#0"},
				"down": {"uv": [10.75, 10.5, 10.5, 14], "texture": "#0"}
			}
		},
		{
			"from": [1, -16, 0],
			"to": [15, -15, 16],
			"faces": {
				"north": {"uv": [9.5, 2.5, 13, 2.75], "texture": "#0"},
				"east": {"uv": [8.5, 6.25, 12.5, 6.5], "texture": "#0"},
				"south": {"uv": [9.5, 2.75, 13, 3], "texture": "#0"},
				"west": {"uv": [8.5, 6.5, 12.5, 6.75], "texture": "#0"},
				"up": {"uv": [3.5, 4, 0, 0], "texture": "#0"},
				"down": {"uv": [7, 0, 3.5, 4], "texture": "#0"}
			}
		},
		{
			"from": [3, -15, 2],
			"to": [13, 32, 3],
			"faces": {
				"north": {"uv": [6, 4, 8.5, 7.75], "texture": "#0"},
				"east": {"uv": [10, 6.75, 10.25, 10.5], "texture": "#0"},
				"south": {"uv": [7, 0, 9.5, 3.75], "texture": "#0"},
				"west": {"uv": [10.25, 6.75, 10.5, 10.5], "texture": "#0"},
				"up": {"uv": [13.5, 7.25, 11, 7], "texture": "#0"},
				"down": {"uv": [13.5, 7.25, 11, 7.5], "texture": "#0"}
			}
		},
		{
			"from": [3, -15, 13],
			"to": [13, 32, 14],
			"faces": {
				"north": {"uv": [0, 7.75, 2.5, 11.5], "texture": "#0"},
				"east": {"uv": [10.5, 6.75, 10.75, 10.5], "texture": "#0"},
				"south": {"uv": [2.5, 7.75, 5, 11.5], "texture": "#0"},
				"west": {"uv": [10, 10.5, 10.25, 14.25], "texture": "#0"},
				"up": {"uv": [13.5, 7.75, 11, 7.5], "texture": "#0"},
				"down": {"uv": [13.5, 7.75, 11, 8], "texture": "#0"}
			}
		},
		{
			"from": [2, -15, 3],
			"to": [14, 32, 13],
			"faces": {
				"north": {"uv": [0, 4, 3, 7.75], "texture": "#0"},
				"east": {"uv": [5, 7.75, 7.5, 11.5], "texture": "#0"},
				"south": {"uv": [3, 4, 6, 7.75], "texture": "#0"},
				"west": {"uv": [7.5, 7.75, 10, 11.5], "texture": "#0"},
				"up": {"uv": [11.5, 6.25, 8.5, 3.75], "texture": "#0"},
				"down": {"uv": [12.5, 0, 9.5, 2.5], "texture": "#0"}
			}
		}
	],
	"display": {
		"thirdperson_righthand": {
			"translation": [0, -1.5, 0],
			"scale": [0.5, 0.5, 0.5]
		},
		"thirdperson_lefthand": {
			"translation": [0, -1.5, 0],
			"scale": [0.5, 0.5, 0.5]
		},
		"firstperson_righthand": {
			"translation": [0, -5.25, 0],
			"scale": [0.5, 0.5, 0.5]
		},
		"firstperson_lefthand": {
			"translation": [0, -5.25, 0],
			"scale": [0.5, 0.5, 0.5]
		},
		"ground": {
			"translation": [0, 13.5, 0],
			"scale": [0.7, 0.7, 0.7]
		},
		"gui": {
			"rotation": [35, 45, 0],
			"translation": [0, 0.25, 0],
			"scale": [0.32, 0.32, 0.32]
		},
		"head": {
			"translation": [0, 33, 0],
			"scale": [1.3, 1.3, 1.3]
		},
		"fixed": {
			"rotation": [-90, 0, 0],
			"translation": [0, 0, -22.75]
		}
	},
	"groups": [
		{
			"name": "Base",
			"origin": [8, 8, 8],
			"color": 0,
			"children": [0, 1, 2]
		},
		{
			"name": "Tube",
			"origin": [0, 0, 0],
			"color": 0,
			"children": [3, 4, 5]
		}
	]
}